host,first_seen,last_alive,last_verdict,last_checked,consecutive_fail,down_since,total_checks,total_alive,plugin_state,plugin_posts,plugin_rendered
aaronlaurens.is-great.net,2026-09-15 10:00:25,2026-09-15 10:00:25,ALIVE,2026-09-15 10:00:25,0,,1,1,,,
aaryamoses.kesug.com,2026-09-15 10:00:25,,DEAD_NO_ACCOUNT,2026-09-15 10:00:25,1,2026-09-15 10:00:25,1,0,,,
aayanmyers.great-site.net,2026-09-15 10:00:25,,DEAD_NO_ACCOUNT,2026-09-15 10:00:25,1,2026-09-15 10:00:25,1,0,,,
abbeyhornibrook.is-best.net,2026-09-15 10:00:25,2026-09-15 10:00:25,ALIVE,2026-09-15 10:00:25,0,,1,1,,,
abelcarlos.great-site.net,2026-09-15 10:00:25,2026-09-15 10:00:25,ALIVE,2026-09-15 10:00:25,0,,1,1,,,
abigayjohnson.is-best.net,2026-09-15 10:00:25,,DEAD_NO_ACCOUNT,2026-09-15 10:00:25,1,2026-09-15 10:00:25,1,0,,,
abrahamledesma.is-best.net,2026-09-15 10:00:25,2026-09-15 10:00:25,ALIVE,2026-09-15 10:00:25,0,,1,1,,,
agatinacappelletti.great-site.net,2026-09-15 10:00:25,2026-09-15 10:00:25,ALIVE,2026-09-15 10:00:25,0,,1,1,,,
agentanalysis.rf.gd,2026-09-15 10:00:25,2026-09-15 10:00:25,ALIVE,2026-09-15 10:00:25,0,,1,1,,,
aidenburnell.great-site.net,2026-09-15 10:00:25,,SUSPENDED,2026-09-15 10:00:25,1,2026-09-15 10:00:25,1,0,,,
aidenjephcot.great-site.net,2026-09-15 10:00:25,,SUSPENDED,2026-09-15 10:00:25,1,2026-09-15 10:00:25,1,0,,,
amypaterson.kesug.com,2026-09-15 10:00:25,2026-09-15 10:00:25,ALIVE,2026-09-15 10:00:25,0,,1,1,,,
anakacavalcanti.fast-page.org,2026-09-15 10:00:25,2026-09-15 10:00:25,ALIVE,2026-09-15 10:00:25,0,,1,1,,,
andrewblanc.is-best.net,2026-09-15 10:00:25,,SUSPENDED,2026-09-15 10:00:25,1,2026-09-15 10:00:25,1,0,,,
andrewclark.iblogger.org,2026-09-15 10:00:25,2026-09-15 10:00:25,ALIVE,2026-09-15 10:00:25,0,,1,1,,,
angelamartin.wuaze.com,2026-09-15 10:00:25,,SUSPENDED,2026-09-15 10:00:25,1,2026-09-15 10:00:25,1,0,,,
angelitablas.kesug.com,2026-09-15 10:00:25,2026-09-15 10:00:25,ALIVE,2026-09-15 10:00:25,0,,1,1,,,
angusboehm.is-great.org,2026-09-15 10:00:25,,SUSPENDED,2026-09-15 10:00:25,1,2026-09-15 10:00:25,1,0,,,
annaleak.great-site.net,2026-09-15 10:00:25,,SUSPENDED,2026-09-15 10:00:25,1,2026-09-15 10:00:25,1,0,,,
annetteholman.infinityfree.me,2026-09-15 10:00:25,,UNREACHABLE,2026-09-15 10:00:25,0,,1,0,,,
arceliaontiveros.kesug.com,2026-09-15 10:00:25,,SUSPENDED,2026-09-15 10:00:25,1,2026-09-15 10:00:25,1,0,,,
arcticadept.iblogger.org,2026-09-15 10:00:25,,SUSPENDED,2026-09-15 10:00:25,1,2026-09-15 10:00:25,1,0,,,
asd.com,2026-09-15 10:00:25,,UNREACHABLE,2026-09-15 10:00:25,0,,1,0,,,
ashtonspears.is-best.net,2026-09-15 10:00:25,,SUSPENDED,2026-09-15 10:00:25,1,2026-09-15 10:00:25,1,0,,,
atedupmondo.lovestoblog.com,2026-09-15 10:00:25,2026-09-15 10:00:25,ALIVE,2026-09-15 10:00:25,0,,1,1,,,
aureliaalonso.wuaze.com,2026-09-15 10:00:25,2026-09-15 10:00:25,ALIVE,2026-09-15 10:00:25,0,,1,1,,,
auroraaegis.my-board.org,2026-09-15 10:00:25,,SUSPENDED,2026-09-15 10:00:25,1,2026-09-15 10:00:25,1,0,,,
auroraarcher.social-networking.me,2026-09-15 10:00:25,,SUSPENDED,2026-09-15 10:00:25,1,2026-09-15 10:00:25,1,0,,,
austinhowey.lovestoblog.com,2026-09-15 10:00:25,,SUSPENDED,2026-09-15 10:00:25,1,2026-09-15 10:00:25,1,0,,,
bellasharland.is-best.net,2026-09-15 10:00:25,,SUSPENDED,2026-09-15 10:00:25,1,2026-09-15 10:00:25,1,0,,,
benjaminpullman.lovestoblog.com,2026-09-15 10:00:25,2026-09-15 10:00:25,ALIVE,2026-09-15 10:00:25,0,,1,1,,,
benthring.great-site.net,2026-09-15 10:00:25,,SUSPENDED,2026-09-15 10:00:25,1,2026-09-15 10:00:25,1,0,,,
bishal.com,2026-09-15 10:00:25,2026-09-15 10:00:25,ALIVE,2026-09-15 10:00:25,0,,1,1,,,
blagokos.lovestoblog.com,2026-09-15 10:00:25,2026-09-15 10:00:25,ALIVE,2026-09-15 10:00:25,0,,1,1,,,
blazebliss.talk4fun.net,2026-09-15 10:00:25,,SUSPENDED,2026-09-15 10:00:25,1,2026-09-15 10:00:25,1,0,,,
blazebrillianc.kesug.com,2026-09-15 10:00:25,,SUSPENDED,2026-09-15 10:00:25,1,2026-09-15 10:00:25,1,0,,,
braydenslatery.lovestoblog.com,2026-09-15 10:00:25,,SUSPENDED,2026-09-15 10:00:25,1,2026-09-15 10:00:25,1,0,,,
bulletintheruby.great-site.net,2026-09-15 10:00:25,2026-09-15 10:00:25,ALIVE,2026-09-15 10:00:25,0,,1,1,,,
calebtroup.wuaze.com,2026-09-15 10:00:25,2026-09-15 10:00:25,ALIVE,2026-09-15 10:00:25,0,,1,1,,,
capitalchatter.lovestoblog.com,2026-09-15 10:00:25,2026-09-15 10:00:25,ALIVE,2026-09-15 10:00:25,0,,1,1,,,
celebrityeveryday.iblogger.org,2026-09-15 10:00:25,2026-09-15 10:00:25,ALIVE,2026-09-15 10:00:25,0,,1,1,,,
charlieashton.great-site.net,2026-09-15 10:00:25,,SUSPENDED,2026-09-15 10:00:25,1,2026-09-15 10:00:25,1,0,,,
chloezhu.infy.uk,2026-09-15 10:00:25,,UNREACHABLE,2026-09-15 10:00:25,0,,1,0,,,
citymexicotimes.is-great.net,2026-09-15 10:00:25,,SUSPENDED,2026-09-15 10:00:25,1,2026-09-15 10:00:25,1,0,,,
cooperpike.lovestoblog.com,2026-09-15 10:00:25,2026-09-15 10:00:25,ALIVE,2026-09-15 10:00:25,0,,1,1,,,
crimsoncrow.kesug.com,2026-09-15 10:00:25,,SUSPENDED,2026-09-15 10:00:25,1,2026-09-15 10:00:25,1,0,,,
cuauhtbadillo.lovestoblog.com,2026-09-15 10:00:25,2026-09-15 10:00:25,ALIVE,2026-09-15 10:00:25,0,,1,1,,,
currentcraze.fanclub.rocks,2026-09-15 10:00:25,2026-09-15 10:00:25,ALIVE,2026-09-15 10:00:25,0,,1,1,,,
dailyevents.great-site.net,2026-09-15 10:00:25,2026-09-15 10:00:25,ALIVE,2026-09-15 10:00:25,0,,1,1,,,
dajataft.gamer.gd,2026-09-15 10:00:25,,UNREACHABLE,2026-09-15 10:00:25,0,,1,0,,,
dataloop.my-style.in,2026-09-15 10:00:25,2026-09-15 10:00:25,ALIVE,2026-09-15 10:00:25,0,,1,1,,,
dollarthelarry.synergize.co,2026-09-15 10:00:25,2026-09-15 10:00:25,ALIVE,2026-09-15 10:00:25,0,,1,1,,,
dreamdazzler.nichesite.org,2026-09-15 10:00:25,,SUSPENDED,2026-09-15 10:00:25,1,2026-09-15 10:00:25,1,0,,,
dreamdefender.my-board.org,2026-09-15 10:00:25,,SUSPENDED,2026-09-15 10:00:25,1,2026-09-15 10:00:25,1,0,,,
dudasmelinda.lovestoblog.com,2026-09-15 10:00:25,2026-09-15 10:00:25,ALIVE,2026-09-15 10:00:25,0,,1,1,,,
duskdefender.wuaze.com,2026-09-15 10:00:25,,SUSPENDED,2026-09-15 10:00:25,1,2026-09-15 10:00:25,1,0,,,
duskdrifter.lovestoblog.com,2026-09-15 10:00:25,,SUSPENDED,2026-09-15 10:00:25,1,2026-09-15 10:00:25,1,0,,,
dwyergray.great-site.net,2026-09-15 10:00:25,2026-09-15 10:00:25,ALIVE,2026-09-15 10:00:25,0,,1,1,,,
earthgooder.wuaze.com,2026-09-15 10:00:25,2026-09-15 10:00:25,ALIVE,2026-09-15 10:00:25,0,,1,1,,,
ebonytuckfield.wuaze.com,2026-09-15 10:00:25,,SUSPENDED,2026-09-15 10:00:25,1,2026-09-15 10:00:25,1,0,,,
echoessence.nichesite.org,2026-09-15 10:00:25,,SUSPENDED,2026-09-15 10:00:25,1,2026-09-15 10:00:25,1,0,,,
elaindougall.page.gd,2026-09-15 10:00:25,,UNREACHABLE,2026-09-15 10:00:25,0,,1,0,,,
elisabmadsen.gamer.gd,2026-09-15 10:00:25,,UNREACHABLE,2026-09-15 10:00:25,0,,1,0,,,
elmnewshuckle.kesug.com,2026-09-15 10:00:25,2026-09-15 10:00:25,ALIVE,2026-09-15 10:00:25,0,,1,1,,,
emberechoe.kesug.com,2026-09-15 10:00:25,,SUSPENDED,2026-09-15 10:00:25,1,2026-09-15 10:00:25,1,0,,,
emberevergreen.wuaze.com,2026-09-15 10:00:25,,SUSPENDED,2026-09-15 10:00:25,1,2026-09-15 10:00:25,1,0,,,
eusebiabecerra.kesug.com,2026-09-15 10:00:25,,SUSPENDED,2026-09-15 10:00:25,1,2026-09-15 10:00:25,1,0,,,
faustinarueda.is-great.net,2026-09-15 10:00:25,,SUSPENDED,2026-09-15 10:00:25,1,2026-09-15 10:00:25,1,0,,,
flashernews.totalh.net,2026-09-15 10:00:25,2026-09-15 10:00:25,ALIVE,2026-09-15 10:00:25,0,,1,1,,,
francescasimpson.iblogger.org,2026-09-15 10:00:25,,SUSPENDED,2026-09-15 10:00:25,1,2026-09-15 10:00:25,1,0,,,
frontis.com,2026-09-15 10:00:25,,UNREACHABLE,2026-09-15 10:00:25,0,,1,0,,,
gabrielcwynne.kesug.com,2026-09-15 10:00:25,2026-09-15 10:00:25,ALIVE,2026-09-15 10:00:25,0,,1,1,,,
gazettemontreal.lovestoblog.com,2026-09-15 10:00:25,,SUSPENDED,2026-09-15 10:00:25,1,2026-09-15 10:00:25,1,0,,,
globegazers.my-style.in,2026-09-15 10:00:25,2026-09-15 10:00:25,ALIVE,2026-09-15 10:00:25,0,,1,1,,,
graemefrench.infinityfree.me,2026-09-15 10:00:25,,UNREACHABLE,2026-09-15 10:00:25,0,,1,0,,,
guidenewles.great-site.net,2026-09-15 10:00:25,2026-09-15 10:00:25,ALIVE,2026-09-15 10:00:25,0,,1,1,,,
harborherald.great-site.net,2026-09-15 10:00:25,2026-09-15 10:00:25,ALIVE,2026-09-15 10:00:25,0,,1,1,,,
harrykemble.is-great.org,2026-09-15 10:00:25,,SUSPENDED,2026-09-15 10:00:25,1,2026-09-15 10:00:25,1,0,,,
henryambrose.wuaze.com,2026-09-15 10:00:25,,SUSPENDED,2026-09-15 10:00:25,1,2026-09-15 10:00:25,1,0,,,
himalayanthetimes.fanclub.rocks,2026-09-15 10:00:25,,SUSPENDED,2026-09-15 10:00:25,1,2026-09-15 10:00:25,1,0,,,
honoriocolli.kesug.com,2026-09-15 10:00:25,,SUSPENDED,2026-09-15 10:00:25,1,2026-09-15 10:00:25,1,0,,,
hugoblakey.my-style.in,2026-09-15 10:00:25,2026-09-15 10:00:25,ALIVE,2026-09-15 10:00:25,0,,1,1,,,
hugohowell.lovestoblog.com,2026-09-15 10:00:25,,SUSPENDED,2026-09-15 10:00:25,1,2026-09-15 10:00:25,1,0,,,
humbertocasi.iblogger.org,2026-09-15 10:00:25,2026-09-15 10:00:25,ALIVE,2026-09-15 10:00:25,0,,1,1,,,
hunterkashiwagi.lovestoblog.com,2026-09-15 10:00:25,2026-09-15 10:00:25,ALIVE,2026-09-15 10:00:25,0,,1,1,,,
insideauthority.nichesite.org,2026-09-15 10:00:25,2026-09-15 10:00:25,ALIVE,2026-09-15 10:00:25,0,,1,1,,,
isaacmoulton.is-great.net,2026-09-15 10:00:25,,SUSPENDED,2026-09-15 10:00:25,1,2026-09-15 10:00:25,1,0,,,
isabelleharpur.lovestoblog.com,2026-09-15 10:00:25,2026-09-15 10:00:25,ALIVE,2026-09-15 10:00:25,0,,1,1,,,
jacintagovea.iblogger.org,2026-09-15 10:00:25,,SUSPENDED,2026-09-15 10:00:25,1,2026-09-15 10:00:25,1,0,,,
jacobknox.is-best.net,2026-09-15 10:00:25,2026-09-15 10:00:25,ALIVE,2026-09-15 10:00:25,0,,1,1,,,
jakartathepost.great-site.net,2026-09-15 10:00:25,,SUSPENDED,2026-09-15 10:00:25,1,2026-09-15 10:00:25,1,0,,,
jaughanbyson.is-great.org,2026-09-15 10:00:25,,SUSPENDED,2026-09-15 10:00:25,1,2026-09-15 10:00:25,1,0,,,
jaydenbrose.lovestoblog.com,2026-09-15 10:00:25,,SUSPENDED,2026-09-15 10:00:25,1,2026-09-15 10:00:25,1,0,,,
jessicacremean.is-great.net,2026-09-15 10:00:25,,SUSPENDED,2026-09-15 10:00:25,1,2026-09-15 10:00:25,1,0,,,
jessicamills.page.gd,2026-09-15 10:00:25,,UNREACHABLE,2026-09-15 10:00:25,0,,1,0,,,
jetawales.wuaze.com,2026-09-15 10:00:25,,SUSPENDED,2026-09-15 10:00:25,1,2026-09-15 10:00:25,1,0,,,
jettpollard.is-best.net,2026-09-15 10:00:25,,SUSPENDED,2026-09-15 10:00:25,1,2026-09-15 10:00:25,1,0,,,
joegrigsby.infinityfree.me,2026-09-15 10:00:25,,UNREACHABLE,2026-09-15 10:00:25,0,,1,0,,,
joelpaling.is-best.net,2026-09-15 10:00:25,,SUSPENDED,2026-09-15 10:00:25,1,2026-09-15 10:00:25,1,0,,,
jordynkhan.page.gd,2026-09-15 10:00:25,,UNREACHABLE,2026-09-15 10:00:25,0,,1,0,,,
josephport.is-great.org,2026-09-15 10:00:25,,SUSPENDED,2026-09-15 10:00:25,1,2026-09-15 10:00:25,1,0,,,
joshuabeasley.lovestoblog.com,2026-09-15 10:00:25,,SUSPENDED,2026-09-15 10:00:25,1,2026-09-15 10:00:25,1,0,,,
journalwallstreet.lovestoblog.com,2026-09-15 10:00:25,2026-09-15 10:00:25,ALIVE,2026-09-15 10:00:25,0,,1,1,,,
juanacalva.iblogger.org,2026-09-15 10:00:25,2026-09-15 10:00:25,ALIVE,2026-09-15 10:00:25,0,,1,1,,,
juliasimpson.iblogger.org,2026-09-15 10:00:25,,SUSPENDED,2026-09-15 10:00:25,1,2026-09-15 10:00:25,1,0,,,
karencoleman.is-best.net,2026-09-15 10:00:25,2026-09-15 10:00:25,ALIVE,2026-09-15 10:00:25,0,,1,1,,,
karinazazueta.is-best.net,2026-09-15 10:00:25,,SUSPENDED,2026-09-15 10:00:25,1,2026-09-15 10:00:25,1,0,,,
kathlnutt.infinityfree.me,2026-09-15 10:00:25,,UNREACHABLE,2026-09-15 10:00:25,0,,1,0,,,
keiragolden.is-great.net,2026-09-15 10:00:25,2026-09-15 10:00:25,ALIVE,2026-09-15 10:00:25,0,,1,1,,,
keiranisbet.lovestoblog.com,2026-09-15 10:00:25,,SUSPENDED,2026-09-15 10:00:25,1,2026-09-15 10:00:25,1,0,,,
lachlancasimaty.is-best.net,2026-09-15 10:00:25,,SUSPENDED,2026-09-15 10:00:25,1,2026-09-15 10:00:25,1,0,,,
lhicdharm.great-site.net,2026-09-15 10:00:25,2026-09-15 10:00:25,ALIVE,2026-09-15 10:00:25,0,,1,1,,,
lianagarber.wuaze.com,2026-09-15 10:00:25,2026-09-15 10:00:25,ALIVE,2026-09-15 10:00:25,0,,1,1,,,
loopnewsdata.loveslife.biz,2026-09-15 10:00:25,2026-09-15 10:00:25,ALIVE,2026-09-15 10:00:25,0,,1,1,,,
lukesawyer.is-great.org,2026-09-15 10:00:25,2026-09-15 10:00:25,ALIVE,2026-09-15 10:00:25,0,,1,1,,,
lunaluminary.great-site.net,2026-09-15 10:00:25,,SUSPENDED,2026-09-15 10:00:25,1,2026-09-15 10:00:25,1,0,,,
maryharry.is-best.net,2026-09-15 10:00:25,,SUSPENDED,2026-09-15 10:00:25,1,2026-09-15 10:00:25,1,0,,,
mathewderrick.lovestoblog.com,2026-09-15 10:00:25,2026-09-15 10:00:25,ALIVE,2026-09-15 10:00:25,0,,1,1,,,
michaelhalliga.iblogger.org,2026-09-15 10:00:25,,SUSPENDED,2026-09-15 10:00:25,1,2026-09-15 10:00:25,1,0,,,
michaelyagan.iblogger.org,2026-09-15 10:00:25,,SUSPENDED,2026-09-15 10:00:25,1,2026-09-15 10:00:25,1,0,,,
moonlitmarvel.is-great.net,2026-09-15 10:00:25,,SUSPENDED,2026-09-15 10:00:25,1,2026-09-15 10:00:25,1,0,,,
moushiminews.iblogger.org,2026-09-15 10:00:25,2026-09-15 10:00:25,ALIVE,2026-09-15 10:00:25,0,,1,1,,,
mysticmingle.talk4fun.net,2026-09-15 10:00:25,,SUSPENDED,2026-09-15 10:00:25,1,2026-09-15 10:00:25,1,0,,,
mysticmoon.my-board.org,2026-09-15 10:00:25,,SUSPENDED,2026-09-15 10:00:25,1,2026-09-15 10:00:25,1,0,,,
nadiabates.gamer.gd,2026-09-15 10:00:25,,UNREACHABLE,2026-09-15 10:00:25,0,,1,0,,,
natashabraim.lovestoblog.com,2026-09-15 10:00:25,,SUSPENDED,2026-09-15 10:00:25,1,2026-09-15 10:00:25,1,0,,,
newsnetnews.my-board.org,2026-09-15 10:00:25,,SUSPENDED,2026-09-15 10:00:25,1,2026-09-15 10:00:25,1,0,,,
newsthebillgrifin.great-site.net,2026-09-15 10:00:25,2026-09-15 10:00:25,ALIVE,2026-09-15 10:00:25,0,,1,1,,,
newsthetimes.nichesite.org,2026-09-15 10:00:25,2026-09-15 10:00:25,ALIVE,2026-09-15 10:00:25,0,,1,1,,,
newsthevision.lovestoblog.com,2026-09-15 10:00:25,,SUSPENDED,2026-09-15 10:00:25,1,2026-09-15 10:00:25,1,0,,,
novanoma.great-site.net,2026-09-15 10:00:25,,SUSPENDED,2026-09-15 10:00:25,1,2026-09-15 10:00:25,1,0,,,
oceanoverture.is-best.net,2026-09-15 10:00:25,,SUSPENDED,2026-09-15 10:00:25,1,2026-09-15 10:00:25,1,0,,,
oscarangelo.great-site.net,2026-09-15 10:00:25,,SUSPENDED,2026-09-15 10:00:25,1,2026-09-15 10:00:25,1,0,,,
priscilevangel.iblogger.org,2026-09-15 10:00:25,2026-09-15 10:00:25,ALIVE,2026-09-15 10:00:25,0,,1,1,,,
rakibuiislam.lovestoblog.com,2026-09-15 10:00:25,2026-09-15 10:00:25,ALIVE,2026-09-15 10:00:25,0,,1,1,,,
ralphlong.page.gd,2026-09-15 10:00:25,,UNREACHABLE,2026-09-15 10:00:25,0,,1,0,,,
referencesmodern.lovestoblog.com,2026-09-15 10:00:25,2026-09-15 10:00:25,ALIVE,2026-09-15 10:00:25,0,,1,1,,,
reporterswatch.is-best.net,2026-09-15 10:00:25,2026-09-15 10:00:25,ALIVE,2026-09-15 10:00:25,0,,1,1,,,
ryanfraser.kesug.com,2026-09-15 10:00:25,2026-09-15 10:00:25,ALIVE,2026-09-15 10:00:25,0,,1,1,,,
samuelstanbury.is-great.net,2026-09-15 10:00:25,2026-09-15 10:00:25,ALIVE,2026-09-15 10:00:25,0,,1,1,,,
sartorialaplendor.totalh.net,2026-09-15 10:00:25,2026-09-15 10:00:25,ALIVE,2026-09-15 10:00:25,0,,1,1,,,
scolonisttime.social-networking.me,2026-09-15 10:00:25,,SUSPENDED,2026-09-15 10:00:25,1,2026-09-15 10:00:25,1,0,,,
shadowshad.my-style.in,2026-09-15 10:00:25,,SUSPENDED,2026-09-15 10:00:25,1,2026-09-15 10:00:25,1,0,,,
silvestrostefano.is-great.org,2026-09-15 10:00:25,2026-09-15 10:00:25,ALIVE,2026-09-15 10:00:25,0,,1,1,,,
skyeaplin.is-best.net,2026-09-15 10:00:25,2026-09-15 10:00:25,ALIVE,2026-09-15 10:00:25,0,,1,1,,,
spiritsong.kesug.com,2026-09-15 10:00:25,,SUSPENDED,2026-09-15 10:00:25,1,2026-09-15 10:00:25,1,0,,,
stormcaller.great-site.net,2026-09-15 10:00:25,,SUSPENDED,2026-09-15 10:00:25,1,2026-09-15 10:00:25,1,0,,,
stormsurg.wuaze.com,2026-09-15 10:00:25,,SUSPENDED,2026-09-15 10:00:25,1,2026-09-15 10:00:25,1,0,,,
sunlitboulas.my-style.in,2026-09-15 10:00:25,2026-09-15 10:00:25,ALIVE,2026-09-15 10:00:25,0,,1,1,,,
sunlitshadow.nichesite.org,2026-09-15 10:00:25,,SUSPENDED,2026-09-15 10:00:25,1,2026-09-15 10:00:25,1,0,,,
sunshinestories.lovestoblog.com,2026-09-15 10:00:25,,SUSPENDED,2026-09-15 10:00:25,1,2026-09-15 10:00:25,1,0,,,
szigethyandrea.my-style.in,2026-09-15 10:00:25,2026-09-15 10:00:25,ALIVE,2026-09-15 10:00:25,0,,1,1,,,
tajngabidj.is-great.net,2026-09-15 10:00:25,,SUSPENDED,2026-09-15 10:00:25,1,2026-09-15 10:00:25,1,0,,,
tenaperic.nichesite.org,2026-09-15 10:00:25,2026-09-15 10:00:25,ALIVE,2026-09-15 10:00:25,0,,1,1,,,
thenewsbusiness.my-board.org,2026-09-15 10:00:25,2026-09-15 10:00:25,ALIVE,2026-09-15 10:00:25,0,,1,1,,,
thenewsfoundation.great-site.net,2026-09-15 10:00:25,2026-09-15 10:00:25,ALIVE,2026-09-15 10:00:25,0,,1,1,,,
thephenom.42web.io,2026-09-15 10:00:25,2026-09-15 10:00:25,ALIVE,2026-09-15 10:00:25,0,,1,1,,,
thunderstrike.lovestoblog.com,2026-09-15 10:00:25,,SUSPENDED,2026-09-15 10:00:25,1,2026-09-15 10:00:25,1,0,,,
thundertempes.lovestoblog.com,2026-09-15 10:00:25,2026-09-15 10:00:25,ALIVE,2026-09-15 10:00:25,0,,1,1,,,
tonyjackson.is-great.net,2026-09-15 10:00:25,,SUSPENDED,2026-09-15 10:00:25,1,2026-09-15 10:00:25,1,0,,,
tranquiltimes.is-best.net,2026-09-15 10:00:25,2026-09-15 10:00:25,ALIVE,2026-09-15 10:00:25,0,,1,1,,,
tristanhowarde.wuaze.com,2026-09-15 10:00:25,2026-09-15 10:00:25,ALIVE,2026-09-15 10:00:25,0,,1,1,,,
tylercathcart.is-best.net,2026-09-15 10:00:25,2026-09-15 10:00:25,ALIVE,2026-09-15 10:00:25,0,,1,1,,,
tylerfarncomb.kesug.com,2026-09-15 10:00:25,2026-09-15 10:00:25,ALIVE,2026-09-15 10:00:25,0,,1,1,,,
tysonbaughan.lovestoblog.com,2026-09-15 10:00:25,,SUSPENDED,2026-09-15 10:00:25,1,2026-09-15 10:00:25,1,0,,,
tysonfelan.great-site.net,2026-09-15 10:00:25,,SUSPENDED,2026-09-15 10:00:25,1,2026-09-15 10:00:25,1,0,,,
vlatkanovak.synergize.co,2026-09-15 10:00:25,2026-09-15 10:00:25,ALIVE,2026-09-15 10:00:25,0,,1,1,,,
wanderworld.kesug.com,2026-09-15 10:00:25,2026-09-15 10:00:25,ALIVE,2026-09-15 10:00:25,0,,1,1,,,
willowwisp.lovestoblog.com,2026-09-15 10:00:25,,SUSPENDED,2026-09-15 10:00:25,1,2026-09-15 10:00:25,1,0,,,
zacukamuligan.is-great.net,2026-09-15 10:00:25,2026-09-15 10:00:25,ALIVE,2026-09-15 10:00:25,0,,1,1,,,
